cell_id,fire_count,slide_count,est_damage_usd
1,0,0,0
2,0,0,0
3,0,0,0
4,0,0,0
5,0,0,0
6,0,0,0
7,0,0,0
8,0,0,0
9,0,0,0
10,0,0,0
11,0,0,0
12,0,0,0
13,0,0,0
14,0,0,0
15,0,0,0
16,0,0,0
17,0,0,0
18,0,0,0
19,0,0,0
20,0,0,0
21,0,0,0
22,0,0,0
23,0,0,0
24,0,0,0
25,0,0,0
26,0,0,0
27,0,0,0
28,0,0,0
29,0,0,0
30,0,0,0
31,0,0,0
32,0,0,0
33,0,0,0
34,0,0,0
35,0,0,0
36,0,0,0
37,0,0,0
38,0,0,0
39,0,0,0
40,0,0,0
41,0,0,0
42,0,0,0
43,0,0,0
44,0,0,0
45,0,0,0
46,0,0,0
47,0,0,0
48,0,0,0
49,0,0,0
50,0,0,0
51,0,0,0
52,0,0,0
53,0,0,0
54,0,0,0
55,0,0,0
56,0,0,0
57,0,0,0
58,0,0,0
59,0,0,0
60,0,0,0
61,0,0,0
62,0,0,0
63,0,0,0
64,0,0,0
65,0,0,0
66,0,0,0
67,0,0,0
68,0,0,0
69,0,0,0
70,0,0,0
71,0,0,0
72,0,0,0
73,0,0,0
74,0,0,0
75,0,0,0
76,0,0,0
77,0,0,0
78,0,0,0
79,0,0,0
80,0,0,0
81,0,0,0
82,0,0,0
83,0,0,0
84,0,0,0
85,0,0,0
86,0,0,0
87,0,0,0
88,0,0,0
89,0,0,0
90,0,0,0
91,0,0,0
92,0,0,0
93,0,0,0
94,0,0,0
95,0,0,0
96,0,0,0
97,0,0,0
98,0,0,0
99,0,0,0
100,0,0,0
101,0,0,0
102,0,0,0
103,0,0,0
104,0,0,0
105,0,0,0
106,0,0,0
107,0,0,0
108,0,0,0
109,0,0,0
110,0,0,0
111,0,0,0
112,0,0,0
113,0,0,0
114,0,0,0
115,0,0,0
116,0,0,0
117,0,0,0
118,0,0,0
119,0,0,0
120,0,0,0
121,0,0,0
122,0,0,0
123,0,0,0
124,0,0,0
125,0,0,0
126,0,0,0
127,0,0,0
128,0,0,0
129,0,0,0
130,0,0,0
131,0,0,0
132,0,0,0
133,0,0,0
134,0,0,0
135,0,0,0
136,0,0,0
137,0,0,0
138,0,0,0
139,0,0,0
140,0,0,0
141,0,0,0
142,0,0,0
143,0,0,0
144,0,0,0
145,0,0,0
146,0,0,0
147,0,0,0
148,0,0,0
149,0,0,0
150,0,0,0
151,0,0,0
152,0,0,0
153,0,0,0
154,0,0,0
155,0,0,0
156,0,0,0
157,0,0,0
158,0,0,0
159,0,0,0
160,0,0,0
161,0,0,0
162,0,0,0
163,0,0,0
164,0,0,0
165,0,0,0
166,0,0,0
167,0,0,0
168,0,0,0
169,0,0,0
170,0,0,0
171,0,0,0
172,0,0,0
173,0,0,0
174,0,0,0
175,0,0,0
176,0,0,0
177,0,0,0
178,0,0,0
179,0,0,0
180,0,0,0
181,0,0,0
182,0,0,0
183,0,0,0
184,0,0,0
185,0,0,0
186,0,0,0
187,0,0,0
188,0,0,0
189,0,0,0
190,0,0,0
191,0,0,0
192,0,0,0
193,0,0,0
194,0,0,0
195,0,0,0
196,0,0,0
197,0,0,0
198,0,0,0
199,0,0,0
200,0,0,0
201,0,0,0
202,0,0,0
203,0,0,0
204,0,0,0
205,0,0,0
206,0,0,0
207,0,0,0
208,0,0,0
209,0,0,0
210,0,0,0
211,0,0,0
212,0,0,0
213,0,0,0
214,0,0,0
215,0,0,0
216,0,0,0
217,0,0,0
218,0,0,0
219,0,0,0
220,0,0,0
221,0,0,0
222,0,0,0
223,0,0,0
224,0,0,0
225,0,0,0
226,0,0,0
227,0,0,0
228,0,0,0
229,0,0,0
230,0,0,0
231,0,0,0
232,0,0,0
233,0,0,0
234,0,0,0
235,0,0,0
236,0,0,0
237,0,0,0
238,0,0,0
239,0,0,0
240,0,0,0
241,0,0,0
242,0,0,0
243,0,0,0
244,0,0,0
245,0,0,0
246,0,0,0
247,0,0,0
248,0,0,0
249,0,0,0
250,0,0,0
251,0,0,0
252,0,0,0
253,0,0,0
254,0,0,0
255,0,0,0
256,0,0,0
257,1,0,90000
258,0,0,0
259,0,0,0
260,0,0,0
261,0,0,0
262,0,0,0
263,0,0,0
264,0,0,0
265,0,0,0
266,0,0,0
267,0,0,0
268,0,0,0
269,0,0,0
270,0,0,0
271,0,0,0
272,0,0,0
273,0,0,0
274,0,0,0
275,0,0,0
276,0,0,0
277,0,0,0
278,0,0,0
279,0,0,0
280,0,0,0
281,0,0,0
282,0,0,0
283,0,0,0
284,0,0,0
285,0,0,0
286,0,0,0
287,0,0,0
288,0,0,0
289,0,0,0
290,0,0,0
291,0,0,0
292,0,0,0
293,0,0,0
294,0,0,0
295,0,0,0
296,0,0,0
297,0,0,0
298,0,0,0
299,0,0,0
300,0,0,0
301,0,0,0
302,0,0,0
303,0,0,0
304,0,0,0
305,0,0,0
306,0,0,0
307,0,0,0
308,0,0,0
309,0,0,0
310,0,0,0
311,0,0,0
312,0,0,0
313,0,0,0
314,0,0,0
315,0,0,0
316,0,0,0
317,0,0,0
318,0,0,0
319,0,0,0
320,0,0,0
321,0,0,0
322,0,0,0
323,0,0,0
324,0,0,0
325,0,0,0
326,0,0,0
327,0,0,0
328,0,0,0
329,0,0,0
330,0,0,0
331,0,0,0
332,0,0,0
333,0,0,0
334,0,0,0
335,0,0,0
336,0,0,0
337,0,0,0
338,0,0,0
339,0,0,0
340,0,0,0
341,0,0,0
342,0,0,0
343,0,0,0
344,0,0,0
345,0,0,0
346,0,0,0
347,0,0,0
348,0,0,0
349,0,0,0
350,0,0,0
351,0,0,0
352,0,0,0
353,0,0,0
354,0,0,0
355,0,0,0
356,0,0,0
357,0,0,0
358,0,0,0
359,0,0,0
360,0,0,0
361,0,0,0
362,0,0,0
363,0,0,0
364,0,0,0
365,0,0,0
366,0,0,0
367,0,0,0
368,0,0,0
369,0,0,0
370,0,0,0
371,0,0,0
372,0,0,0
373,0,0,0
374,0,0,0
375,0,0,0
376,0,0,0
377,0,0,0
378,0,0,0
379,0,0,0
380,0,0,0
381,0,0,0
382,0,0,0
383,0,0,0
384,0,0,0
385,0,0,0
386,0,0,0
387,0,0,0
388,0,0,0
389,0,0,0
390,0,0,0
391,0,0,0
392,0,0,0
393,0,0,0
394,0,0,0
395,0,0,0
396,0,0,0
397,0,0,0
398,0,0,0
399,0,0,0
400,0,0,0
401,0,0,0
402,0,0,0
403,0,0,0
404,0,0,0
405,0,0,0
406,0,0,0
407,0,0,0
408,0,0,0
409,0,0,0
410,0,0,0
411,0,0,0
412,0,0,0
413,0,0,0
414,0,0,0
415,0,0,0
416,0,0,0
417,0,0,0
418,0,0,0
419,0,0,0
420,0,0,0
421,0,0,0
422,0,0,0
423,0,0,0
424,0,0,0
425,0,0,0
426,4,0,360000
427,19,1,1856000
428,28,4,3104000
429,0,2,292000
430,0,0,0
431,0,0,0
432,0,0,0
433,0,0,0
434,0,0,0
435,0,0,0
436,0,0,0
437,0,0,0
438,0,0,0
439,0,0,0
440,0,0,0
441,0,0,0
442,0,0,0
443,0,0,0
444,0,0,0
445,0,0,0
446,0,0,0
447,0,0,0
448,0,0,0
449,0,0,0
450,0,0,0
451,0,0,0
452,0,0,0
453,0,0,0
454,0,0,0
455,0,0,0
456,0,0,0
457,0,0,0
458,0,0,0
459,0,0,0
460,0,0,0
461,0,0,0
462,0,0,0
463,0,0,0
464,0,0,0
465,0,0,0
466,0,0,0
467,0,0,0
468,0,0,0
469,0,0,0
470,0,0,0
471,0,0,0
472,0,0,0
473,0,0,0
474,0,0,0
475,0,0,0
476,0,0,0
477,7,1,776000
478,28,0,2520000
479,65,3,6288000
480,34,2,3352000
481,13,3,1608000
482,14,2,1552000
483,5,8,1618000
484,12,42,7212000
485,12,10,2540000
486,30,2,2992000
487,43,4,4454000
488,16,3,1878000
489,9,10,2270000
490,31,6,3666000
491,7,1,776000
492,0,0,0
493,0,0,0
494,0,0,0
495,0,0,0
496,0,0,0
497,0,0,0
498,0,0,0
499,0,0,0
500,0,0,0
501,0,0,0
502,0,0,0
503,0,0,0
504,0,0,0
505,0,0,0
506,0,0,0
507,0,0,0
508,0,0,0
509,0,0,0
510,0,0,0
511,0,0,0
512,0,0,0
513,0,0,0
514,0,0,0
515,0,0,0
516,0,0,0
517,0,0,0
518,0,0,0
519,0,0,0
520,0,0,0
521,0,0,0
522,0,0,0
523,0,0,0
524,0,0,0
525,0,0,0
526,0,0,0
527,0,0,0
528,0,0,0
529,0,0,0
530,0,0,0
531,66,0,5940000
532,62,1,5726000
533,41,3,4128000
534,26,2,2632000
535,2,0,180000
536,3,0,270000
537,11,0,990000
538,2,30,4560000
539,0,57,8322000
540,6,0,540000
541,11,20,3910000
542,0,47,6862000
543,1,0,90000
544,4,0,360000
545,13,0,1170000
546,45,4,4634000
547,1,0,90000
548,0,0,0
549,0,0,0
550,0,0,0
551,0,0,0
552,0,0,0
553,0,0,0
554,0,0,0
555,0,0,0
556,0,0,0
557,0,0,0
558,0,0,0
559,0,0,0
560,0,0,0
561,0,0,0
562,0,0,0
563,0,0,0
564,0,0,0
565,0,0,0
566,0,0,0
567,0,0,0
568,0,0,0
569,0,0,0
570,0,0,0
571,0,0,0
572,0,0,0
573,0,0,0
574,0,0,0
575,0,0,0
576,0,0,0
577,0,0,0
578,0,0,0
579,0,0,0
580,0,0,0
581,0,0,0
582,2,0,180000
583,38,5,4150000
584,16,1,1586000
585,56,2,5332000
586,56,6,5916000
587,53,4,5354000
588,41,5,4420000
589,41,6,4566000
590,42,5,4510000
591,16,4,2024000
592,6,0,540000
593,2,53,7918000
594,0,80,11680000
595,1,1,236000
596,1,0,90000
597,0,0,0
598,0,0,0
599,0,0,0
600,3,0,270000
601,0,0,0
602,1,0,90000
603,0,0,0
604,0,0,0
605,0,0,0
606,0,0,0
607,0,0,0
608,0,0,0
609,0,0,0
610,0,0,0
611,0,0,0
612,0,0,0
613,0,0,0
614,0,0,0
615,0,0,0
616,0,0,0
617,0,0,0
618,0,0,0
619,0,0,0
620,0,0,0
621,0,0,0
622,0,0,0
623,0,0,0
624,0,0,0
625,0,0,0
626,0,0,0
627,0,0,0
628,0,0,0
629,1,0,90000
630,3,0,270000
631,1,16,2426000
632,12,35,6190000
633,13,29,5404000
634,96,1,8786000
635,68,17,8602000
636,14,8,2428000
637,19,37,7112000
638,10,88,13748000
639,11,2,1282000
640,5,0,450000
641,20,5,2530000
642,8,2,1012000
643,20,4,2384000
644,16,2,1732000
645,16,5,2170000
646,6,0,540000
647,31,1,2936000
648,3,4,854000
649,0,30,4380000
650,6,2,832000
651,1,0,90000
652,0,0,0
653,2,0,180000
654,0,0,0
655,0,0,0
656,0,0,0
657,0,0,0
658,0,0,0
659,0,0,0
660,0,0,0
661,0,0,0
662,0,0,0
663,0,0,0
664,0,0,0
665,0,0,0
666,0,0,0
667,0,0,0
668,0,0,0
669,0,0,0
670,0,0,0
671,0,0,0
672,0,0,0
673,0,0,0
674,0,0,0
675,0,0,0
676,0,0,0
677,1,1,236000
678,3,7,1292000
679,39,10,4970000
680,10,50,8200000
681,7,17,3112000
682,13,45,7740000
683,21,52,9482000
684,7,54,8514000
685,10,28,4988000
686,3,18,2898000
687,1,32,4762000
688,5,15,2640000
689,19,34,6674000
690,5,58,8918000
691,6,116,17476000
692,12,177,26922000
693,9,500,73810000
694,2,127,18722000
695,6,57,8862000
696,3,4,854000
697,8,1,866000
698,9,0,810000
699,8,0,720000
700,19,4,2294000
701,16,3,1878000
702,9,2,1102000
703,3,0,270000
704,1,0,90000
705,0,0,0
706,0,0,0
707,2,0,180000
708,1,0,90000
709,0,0,0
710,0,0,0
711,0,0,0
712,0,0,0
713,0,0,0
714,0,0,0
715,0,0,0
716,0,0,0
717,0,0,0
718,0,0,0
719,0,0,0
720,22,0,1980000
721,43,5,4600000
722,12,3,1518000
723,11,23,4348000
724,13,67,10952000
725,13,82,13142000
726,18,63,10818000
727,30,27,6642000
728,30,26,6496000
729,2,39,5874000
730,15,11,2956000
731,20,24,5304000
732,15,35,6460000
733,10,47,7762000
734,5,32,5122000
735,5,93,14028000
736,26,11,3946000
737,19,31,6236000
738,12,57,9402000
739,1,18,2718000
740,3,47,7132000
741,3,31,4796000
742,2,31,4706000
743,2,33,4998000
744,28,121,20186000
745,3,98,14578000
746,4,109,16274000
747,5,161,23956000
748,15,209,31864000
749,14,100,15860000
750,5,8,1618000
751,1,0,90000
752,3,0,270000
753,9,0,810000
754,8,0,720000
755,8,0,720000
756,16,48,8448000
757,8,0,720000
758,15,0,1350000
759,18,0,1620000
760,9,0,810000
761,3,0,270000
762,1,0,90000
763,3,0,270000
764,0,0,0
765,4,0,360000
766,53,0,4770000
767,2,0,180000
768,0,0,0
769,0,0,0
770,0,0,0
771,0,0,0
772,0,0,0
773,0,0,0
774,0,0,0
775,24,22,5372000
776,52,5,5410000
777,11,5,1720000
778,8,8,1888000
779,2,6,1056000
780,8,21,3786000
781,9,51,8256000
782,10,119,18274000
783,24,33,6978000
784,11,21,4056000
785,5,51,7896000
786,7,22,3842000
787,2,44,6604000
788,7,36,5886000
789,9,23,4168000
790,3,5,1000000
791,6,3,978000
792,6,12,2292000
793,3,53,8008000
794,5,53,8188000
795,6,40,6380000
796,12,15,3270000
797,2,17,2662000
798,11,56,9166000
799,20,190,29540000
800,6,48,7548000
801,5,53,8188000
802,7,90,13770000
803,18,345,51990000
804,15,62,10402000
805,7,13,2528000
806,4,0,360000
807,3,0,270000
808,6,0,540000
809,16,1,1586000
810,35,13,5048000
811,9,7,1832000
812,23,0,2070000
813,14,0,1260000
814,24,0,2160000
815,22,0,1980000
816,8,0,720000
817,4,0,360000
818,33,0,2970000
819,141,0,12690000
820,264,1,23906000
821,70,2,6592000
822,0,0,0
823,0,0,0
824,0,0,0
825,0,0,0
826,0,0,0
827,0,0,0
828,0,0,0
829,0,0,0
830,27,21,5496000
831,25,11,3856000
832,10,13,2798000
833,5,7,1472000
834,4,9,1674000
835,3,10,1730000
836,4,32,5032000
837,3,62,9322000
838,14,76,12356000
839,4,34,5324000
840,5,74,11254000
841,1,14,2134000
842,14,15,3450000
843,15,4,1934000
844,2,8,1348000
845,3,2,562000
846,1,1,236000
847,5,4,1034000
848,7,39,6324000
849,3,45,6840000
850,19,10,3170000
851,8,22,3932000
852,9,27,4752000
853,21,23,5248000
854,19,1,1856000
855,8,4,1304000
856,5,1,596000
857,4,38,5908000
858,13,461,68476000
859,21,7,2912000
860,13,3,1608000
861,23,1,2216000
862,21,1,2036000
863,37,1,3476000
864,46,7,5162000
865,55,5,5680000
866,25,0,2250000
867,30,0,2700000
868,15,0,1350000
869,38,0,3420000
870,42,4,4364000
871,91,4,8774000
872,79,2,7402000
873,111,1,10136000
874,63,0,5670000
875,57,5,5860000
876,12,2,1372000
877,0,0,0
878,0,0,0
879,0,0,0
880,0,0,0
881,0,0,0
882,0,0,0
883,0,0,0
884,0,0,0
885,32,1,3026000
886,20,11,3406000
887,8,35,5830000
888,3,18,2898000
889,27,46,9146000
890,4,13,2258000
891,1,129,18924000
892,13,69,11244000
893,4,52,7952000
894,3,11,1876000
895,2,61,9086000
896,14,40,7100000
897,16,1,1586000
898,39,7,4532000
899,8,20,3640000
900,11,6,1866000
901,14,4,1844000
902,8,3,1158000
903,17,21,4596000
904,6,10,2000000
905,16,5,2170000
906,6,3,978000
907,32,2,3172000
908,48,1,4466000
909,63,2,5962000
910,15,0,1350000
911,12,0,1080000
912,14,0,1260000
913,22,6,2856000
914,6,0,540000
915,15,7,2372000
916,27,9,3744000
917,29,1,2756000
918,37,4,3914000
919,62,2,5872000
920,56,0,5040000
921,38,0,3420000
922,46,0,4140000
923,25,0,2250000
924,102,0,9180000
925,148,5,14050000
926,285,2,25942000
927,167,2,15322000
928,123,2,11362000
929,29,1,2756000
930,17,13,3428000
931,0,51,7446000
932,0,3,438000
933,0,0,0
934,0,0,0
935,0,0,0
936,0,0,0
937,0,0,0
938,0,0,0
939,0,0,0
940,14,14,3304000
941,15,8,2518000
942,6,21,3606000
943,8,24,4224000
944,4,19,3134000
945,7,13,2528000
946,10,57,9222000
947,13,55,9200000
948,7,12,2382000
949,3,12,2022000
950,20,12,3552000
951,15,11,2956000
952,22,0,1980000
953,14,2,1552000
954,36,4,3824000
955,40,0,3600000
956,19,2,2002000
957,19,0,1710000
958,30,5,3430000
959,35,4,3734000
960,17,1,1676000
961,22,0,1980000
962,49,1,4556000
963,45,1,4196000
964,87,0,7830000
965,41,1,3836000
966,19,0,1710000
967,15,0,1350000
968,31,9,4104000
969,28,1,2666000
970,39,6,4386000
971,51,5,5320000
972,29,0,2610000
973,35,9,4464000
974,45,2,4342000
975,88,19,10694000
976,83,10,8930000
977,39,2,3802000
978,68,1,6266000
979,46,0,4140000
980,56,1,5186000
981,74,2,6952000
982,168,5,15850000
983,129,3,12048000
984,99,2,9202000
985,61,1,5636000
986,5,33,5268000
987,0,5,730000
988,1,0,90000
989,0,0,0
990,0,0,0
991,0,0,0
992,0,0,0
993,0,0,0
994,0,0,0
995,0,0,0
996,11,108,16758000
997,8,79,12254000
998,2,52,7772000
999,3,24,3774000
1000,33,44,9394000
1001,25,68,12178000
1002,13,21,4236000
1003,9,31,5336000
1004,32,20,5800000
1005,34,4,3644000
1006,24,6,3036000
1007,10,1,1046000
1008,1,0,90000
1009,12,0,1080000
1010,13,1,1316000
1011,2,0,180000
1012,13,6,2046000
1013,13,10,2630000
1014,2,0,180000
1015,0,0,0
1016,2,1,326000
1017,11,0,990000
1018,2,1,326000
1019,38,1,3566000
1020,65,1,5996000
1021,42,3,4218000
1022,27,2,2722000
1023,31,8,3958000
1024,31,1,2936000
1025,11,0,990000
1026,33,1,3116000
1027,26,5,3070000
1028,18,18,4248000
1029,25,2,2542000
1030,36,1,3386000
1031,47,4,4814000
1032,43,2,4162000
1033,52,0,4680000
1034,33,0,2970000
1035,44,1,4106000
1036,107,0,9630000
1037,151,3,14028000
1038,51,1,4736000
1039,82,0,7380000
1040,21,0,1890000
1041,18,7,2642000
1042,3,1,416000
1043,0,0,0
1044,0,0,0
1045,0,0,0
1046,0,0,0
1047,0,0,0
1048,0,0,0
1049,0,0,0
1050,0,0,0
1051,24,100,16760000
1052,5,149,22204000
1053,4,33,5178000
1054,21,200,31090000
1055,16,154,23924000
1056,23,76,13166000
1057,12,29,5314000
1058,13,10,2630000
1059,38,6,4296000
1060,24,8,3328000
1061,4,3,798000
1062,1,6,966000
1063,0,0,0
1064,0,3,438000
1065,0,0,0
1066,1,0,90000
1067,0,1,146000
1068,0,2,292000
1069,0,0,0
1070,0,0,0
1071,0,6,876000
1072,0,0,0
1073,0,0,0
1074,10,13,2798000
1075,43,22,7082000
1076,35,0,3150000
1077,70,3,6738000
1078,27,4,3014000
1079,17,2,1822000
1080,8,0,720000
1081,15,1,1496000
1082,25,21,5316000
1083,20,1,1946000
1084,19,0,1710000
1085,20,0,1800000
1086,31,1,2936000
1087,28,0,2520000
1088,14,2,1552000
1089,23,0,2070000
1090,27,0,2430000
1091,53,4,5354000
1092,172,5,16210000
1093,88,0,7920000
1094,119,1,10856000
1095,69,8,7378000
1096,15,20,4270000
1097,0,7,1022000
1098,0,0,0
1099,0,0,0
1100,0,0,0
1101,0,0,0
1102,0,0,0
1103,0,0,0
1104,0,0,0
1105,0,0,0
1106,49,4,4994000
1107,13,2,1462000
1108,8,4,1304000
1109,6,26,4336000
1110,16,12,3192000
1111,29,21,5676000
1112,0,2,292000
1113,0,5,730000
1114,0,4,584000
1115,0,2,292000
1116,0,0,0
1117,0,2,292000
1118,0,1,146000
1119,1,3,528000
1120,0,4,584000
1121,1,5,820000
1122,1,8,1258000
1123,0,0,0
1124,2,6,1056000
1125,3,6,1146000
1126,11,0,990000
1127,10,1,1046000
1128,55,5,5680000
1129,35,18,5778000
1130,18,3,2058000
1131,22,0,1980000
1132,55,3,5388000
1133,16,3,1878000
1134,8,0,720000
1135,4,0,360000
1136,6,0,540000
1137,40,40,9440000
1138,35,12,4902000
1139,8,8,1888000
1140,8,0,720000
1141,29,0,2610000
1142,20,10,3260000
1143,6,4,1124000
1144,44,0,3960000
1145,37,0,3330000
1146,127,0,11430000
1147,82,1,7526000
1148,30,0,2700000
1149,111,7,11012000
1150,45,21,7116000
1151,23,30,6450000
1152,0,0,0
1153,0,0,0
1154,0,0,0
1155,0,0,0
1156,0,0,0
1157,0,0,0
1158,0,0,0
1159,0,0,0
1160,0,0,0
1161,8,18,3348000
1162,35,28,7238000
1163,28,8,3688000
1164,48,6,5196000
1165,28,12,4272000
1166,37,16,5666000
1167,6,8,1708000
1168,0,2,292000
1169,1,2,382000
1170,1,3,528000
1171,0,1,146000
1172,0,0,0
1173,0,0,0
1174,0,0,0
1175,0,0,0
1176,0,0,0
1177,0,0,0
1178,0,1,146000
1179,29,1,2756000
1180,27,0,2430000
1181,58,1,5366000
1182,23,0,2070000
1183,32,1,3026000
1184,43,13,5768000
1185,62,2,5872000
1186,30,1,2846000
1187,9,1,956000
1188,47,5,4960000
1189,5,0,450000
1190,12,0,1080000
1191,11,0,990000
1192,4,70,10580000
1193,5,6,1326000
1194,3,5,1000000
1195,2,4,764000
1196,19,11,3316000
1197,10,5,1630000
1198,23,4,2654000
1199,50,1,4646000
1200,119,2,11002000
1201,107,0,9630000
1202,167,0,15030000
1203,58,3,5658000
1204,46,2,4432000
1205,44,13,5858000
1206,3,24,3774000
1207,0,0,0
1208,0,0,0
1209,0,0,0
1210,0,0,0
1211,0,0,0
1212,0,0,0
1213,0,0,0
1214,0,0,0
1215,0,0,0
1216,0,0,0
1217,2,0,180000
1218,11,11,2596000
1219,29,1,2756000
1220,4,1,506000
1221,1,2,382000
1222,0,164,23944000
1223,0,295,43070000
1224,0,25,3650000
1225,0,7,1022000
1226,1,0,90000
1227,0,1,146000
1228,14,0,1260000
1229,33,0,2970000
1230,33,0,2970000
1231,29,1,2756000
1232,19,4,2294000
1233,10,1,1046000
1234,33,2,3262000
1235,75,1,6896000
1236,40,1,3746000
1237,7,1,776000
1238,4,0,360000
1239,22,1,2126000
1240,35,12,4902000
1241,27,13,4328000
1242,9,5,1540000
1243,11,14,3034000
1244,5,7,1472000
1245,2,0,180000
1246,10,1,1046000
1247,0,36,5256000
1248,0,14,2044000
1249,1,1,236000
1250,0,3,438000
1251,0,10,1460000
1252,1,11,1696000
1253,28,7,3542000
1254,32,0,2880000
1255,54,1,5006000
1256,54,1,5006000
1257,35,1,3296000
1258,27,0,2430000
1259,26,1,2486000
1260,118,37,16022000
1261,22,13,3878000
1262,16,0,1440000
1263,0,0,0
1264,0,0,0
1265,0,0,0
1266,0,0,0
1267,0,0,0
1268,0,0,0
1269,0,0,0
1270,0,0,0
1271,0,0,0
1272,0,0,0
1273,0,0,0
1274,0,0,0
1275,0,0,0
1276,0,0,0
1277,0,47,6862000
1278,0,1064,155344000
1279,0,96,14016000
1280,0,64,9344000
1281,1,4,674000
1282,16,2,1732000
1283,39,1,3656000
1284,42,5,4510000
1285,22,3,2418000
1286,61,5,6220000
1287,20,0,1800000
1288,11,7,2012000
1289,5,5,1180000
1290,55,10,6410000
1291,12,1,1226000
1292,6,2,832000
1293,25,2,2542000
1294,11,0,990000
1295,16,13,3338000
1296,4,16,2696000
1297,1,9,1404000
1298,0,5,730000
1299,5,7,1472000
1300,4,0,360000
1301,0,4,584000
1302,2,6,1056000
1303,1,49,7244000
1304,0,0,0
1305,0,4,584000
1306,0,10,1460000
1307,0,2,292000
1308,10,1,1046000
1309,72,2,6772000
1310,45,0,4050000
1311,84,0,7560000
1312,43,0,3870000
1313,31,6,3666000
1314,33,1,3116000
1315,19,0,1710000
1316,36,5,3970000
1317,11,0,990000
1318,1,0,90000
1319,0,0,0
1320,0,0,0
1321,0,0,0
1322,0,0,0
1323,0,0,0
1324,0,0,0
1325,0,0,0
1326,0,0,0
1327,0,0,0
1328,0,0,0
1329,0,0,0
1330,0,0,0
1331,0,0,0
1332,0,2,292000
1333,0,62,9052000
1334,0,58,8468000
1335,5,70,10670000
1336,79,11,8716000
1337,119,13,12608000
1338,50,5,5230000
1339,59,6,6186000
1340,16,3,1878000
1341,52,15,6870000
1342,21,5,2620000
1343,7,9,1944000
1344,17,23,4888000
1345,34,14,5104000
1346,7,0,630000
1347,4,12,2112000
1348,16,60,10200000
1349,11,1,1136000
1350,2,1,326000
1351,0,6,876000
1352,10,11,2506000
1353,22,11,3586000
1354,1,17,2572000
1355,7,18,3258000
1356,0,36,5256000
1357,0,6,876000
1358,0,44,6424000
1359,0,0,0
1360,0,0,0
1361,0,6,876000
1362,0,4,584000
1363,18,1,1766000
1364,85,1,7796000
1365,26,0,2340000
1366,22,0,1980000
1367,19,0,1710000
1368,18,38,7168000
1369,41,0,3690000
1370,36,1,3386000
1371,40,0,3600000
1372,9,0,810000
1373,0,0,0
1374,0,0,0
1375,0,0,0
1376,0,0,0
1377,0,0,0
1378,0,0,0
1379,0,0,0
1380,0,0,0
1381,0,0,0
1382,0,0,0
1383,0,0,0
1384,0,0,0
1385,0,0,0
1386,0,0,0
1387,1,0,90000
1388,1,33,4908000
1389,17,35,6640000
1390,45,16,6386000
1391,51,16,6926000
1392,55,10,6410000
1393,9,4,1394000
1394,39,20,6430000
1395,13,3,1608000
1396,21,12,3642000
1397,20,1,1946000
1398,9,34,5774000
1399,17,23,4888000
1400,1,59,8704000
1401,2,28,4268000
1402,4,23,3718000
1403,20,39,7494000
1404,6,8,1708000
1405,0,13,1898000
1406,0,6,876000
1407,4,4,944000
1408,4,26,4156000
1409,0,42,6132000
1410,5,32,5122000
1411,2,40,6020000
1412,0,11,1606000
1413,0,21,3066000
1414,0,1,146000
1415,0,3,438000
1416,0,2,292000
1417,0,2,292000
1418,1,0,90000
1419,2,0,180000
1420,0,0,0
1421,0,0,0
1422,0,0,0
1423,0,0,0
1424,10,1,1046000
1425,25,0,2250000
1426,29,0,2610000
1427,11,0,990000
1428,0,0,0
1429,0,0,0
1430,0,0,0
1431,0,0,0
1432,0,0,0
1433,0,0,0
1434,0,0,0
1435,0,0,0
1436,0,0,0
1437,0,0,0
1438,0,0,0
1439,0,0,0
1440,0,0,0
1441,0,0,0
1442,0,0,0
1443,3,48,7278000
1444,49,13,6308000
1445,70,9,7614000
1446,60,46,12116000
1447,26,4,2924000
1448,2,57,8502000
1449,7,51,8076000
1450,1,23,3448000
1451,3,5,1000000
1452,12,6,1956000
1453,2,50,7480000
1454,0,22,3212000
1455,7,71,10996000
1456,1,40,5930000
1457,0,129,18834000
1458,28,25,6170000
1459,2,4,764000
1460,0,11,1606000
1461,0,10,1460000
1462,0,10,1460000
1463,0,13,1898000
1464,0,40,5840000
1465,1,38,5638000
1466,0,43,6278000
1467,0,0,0
1468,0,0,0
1469,0,1,146000
1470,0,1,146000
1471,0,0,0
1472,0,0,0
1473,0,0,0
1474,2,0,180000
1475,0,0,0
1476,0,0,0
1477,2,0,180000
1478,1,0,90000
1479,8,0,720000
1480,19,0,1710000
1481,28,0,2520000
1482,10,0,900000
1483,0,0,0
1484,0,0,0
1485,0,0,0
1486,0,0,0
1487,0,0,0
1488,0,0,0
1489,0,0,0
1490,0,0,0
1491,0,0,0
1492,0,0,0
1493,0,0,0
1494,0,0,0
1495,0,0,0
1496,0,0,0
1497,6,33,5358000
1498,10,23,4258000
1499,15,0,1350000
1500,28,0,2520000
1501,6,0,540000
1502,2,78,11568000
1503,0,127,18542000
1504,0,129,18834000
1505,0,1,146000
1506,1,12,1842000
1507,16,34,6404000
1508,0,62,9052000
1509,0,14,2044000
1510,5,48,7458000
1511,1,26,3886000
1512,0,44,6424000
1513,9,14,2854000
1514,0,4,584000
1515,0,3,438000
1516,0,1,146000
1517,0,1,146000
1518,0,1,146000
1519,0,4,584000
1520,0,0,0
1521,0,1,146000
1522,0,0,0
1523,0,0,0
1524,0,0,0
1525,0,1,146000
1526,0,0,0
1527,1,0,90000
1528,6,0,540000
1529,0,0,0
1530,0,0,0
1531,0,0,0
1532,13,0,1170000
1533,16,0,1440000
1534,7,1,776000
1535,43,0,3870000
1536,56,0,5040000
1537,30,0,2700000
1538,0,0,0
1539,0,0,0
1540,0,0,0
1541,0,0,0
1542,0,0,0
1543,0,0,0
1544,0,0,0
1545,0,0,0
1546,0,0,0
1547,0,0,0
1548,0,0,0
1549,0,0,0
1550,0,0,0
1551,0,0,0
1552,5,33,5268000
1553,0,1,146000
1554,4,0,360000
1555,28,4,3104000
1556,1,0,90000
1557,0,10,1460000
1558,1,9,1404000
1559,1,2,382000
1560,0,0,0
1561,0,36,5256000
1562,10,10,2360000
1563,0,8,1168000
1564,0,0,0
1565,2,2,472000
1566,1,5,820000
1567,0,2,292000
1568,3,1,416000
1569,0,2,292000
1570,0,0,0
1571,0,0,0
1572,1,0,90000
1573,0,0,0
1574,0,0,0
1575,30,0,2700000
1576,7,0,630000
1577,0,0,0
1578,0,0,0
1579,1,0,90000
1580,3,0,270000
1581,0,0,0
1582,1,0,90000
1583,3,0,270000
1584,17,0,1530000
1585,4,0,360000
1586,17,0,1530000
1587,3,0,270000
1588,27,0,2430000
1589,24,1,2306000
1590,48,0,4320000
1591,55,0,4950000
1592,14,0,1260000
1593,0,0,0
1594,0,0,0
1595,0,0,0
1596,0,0,0
1597,0,0,0
1598,0,0,0
1599,0,0,0
1600,0,0,0
1601,0,0,0
1602,0,0,0
1603,0,0,0
1604,0,0,0
1605,0,0,0
1606,21,7,2912000
1607,5,23,3808000
1608,0,0,0
1609,0,0,0
1610,15,1,1496000
1611,0,0,0
1612,0,0,0
1613,0,0,0
1614,0,0,0
1615,0,0,0
1616,0,10,1460000
1617,0,17,2482000
1618,0,6,876000
1619,0,0,0
1620,2,6,1056000
1621,1,0,90000
1622,0,0,0
1623,0,1,146000
1624,0,1,146000
1625,1,0,90000
1626,0,0,0
1627,0,0,0
1628,0,0,0
1629,0,0,0
1630,2,0,180000
1631,14,0,1260000
1632,26,0,2340000
1633,0,0,0
1634,13,0,1170000
1635,16,0,1440000
1636,9,0,810000
1637,14,0,1260000
1638,8,0,720000
1639,8,0,720000
1640,46,5,4870000
1641,47,0,4230000
1642,9,3,1248000
1643,17,6,2406000
1644,18,2,1912000
1645,38,2,3712000
1646,6,0,540000
1647,5,0,450000
1648,0,0,0
1649,0,0,0
1650,0,0,0
1651,0,0,0
1652,0,0,0
1653,0,0,0
1654,0,0,0
1655,0,0,0
1656,0,0,0
1657,0,0,0
1658,0,0,0
1659,0,0,0
1660,0,0,0
1661,16,10,2900000
1662,2,0,180000
1663,6,1,686000
1664,3,1,416000
1665,1,0,90000
1666,3,0,270000
1667,0,0,0
1668,0,0,0
1669,0,0,0
1670,0,0,0
1671,0,0,0
1672,0,0,0
1673,0,0,0
1674,0,0,0
1675,4,11,1966000
1676,17,0,1530000
1677,3,1,416000
1678,1,0,90000
1679,0,0,0
1680,0,0,0
1681,0,0,0
1682,0,0,0
1683,0,0,0
1684,0,0,0
1685,15,0,1350000
1686,121,0,10890000
1687,4,0,360000
1688,1,0,90000
1689,7,0,630000
1690,10,0,900000
1691,14,0,1260000
1692,0,0,0
1693,2,0,180000
1694,3,0,270000
1695,13,0,1170000
1696,12,0,1080000
1697,1,0,90000
1698,24,0,2160000
1699,23,0,2070000
1700,8,0,720000
1701,17,0,1530000
1702,3,0,270000
1703,0,0,0
1704,0,0,0
1705,0,0,0
1706,0,0,0
1707,0,0,0
1708,0,0,0
1709,0,0,0
1710,0,0,0
1711,0,0,0
1712,0,0,0
1713,0,0,0
1714,0,0,0
1715,0,0,0
1716,39,14,5554000
1717,44,24,7464000
1718,27,4,3014000
1719,5,8,1618000
1720,0,17,2482000
1721,0,0,0
1722,1,0,90000
1723,0,0,0
1724,0,0,0
1725,0,0,0
1726,0,0,0
1727,1,0,90000
1728,1,0,90000
1729,1,0,90000
1730,11,0,990000
1731,21,0,1890000
1732,18,0,1620000
1733,23,0,2070000
1734,0,0,0
1735,0,0,0
1736,0,0,0
1737,5,0,450000
1738,36,0,3240000
1739,75,0,6750000
1740,86,0,7740000
1741,31,0,2790000
1742,2,0,180000
1743,0,0,0
1744,2,0,180000
1745,0,0,0
1746,1,0,90000
1747,2,0,180000
1748,0,0,0
1749,1,0,90000
1750,2,0,180000
1751,23,0,2070000
1752,12,0,1080000
1753,21,0,1890000
1754,16,0,1440000
1755,36,0,3240000
1756,27,0,2430000
1757,6,0,540000
1758,0,0,0
1759,0,0,0
1760,0,0,0
1761,0,0,0
1762,0,0,0
1763,0,0,0
1764,0,0,0
1765,0,0,0
1766,0,0,0
1767,0,0,0
1768,0,0,0
1769,0,0,0
1770,0,0,0
1771,75,16,9086000
1772,44,19,6734000
1773,17,4,2114000
1774,1,13,1988000
1775,0,7,1022000
1776,0,0,0
1777,0,0,0
1778,3,0,270000
1779,0,0,0
1780,0,0,0
1781,0,0,0
1782,0,0,0
1783,1,0,90000
1784,11,0,990000
1785,36,0,3240000
1786,73,0,6570000
1787,56,0,5040000
1788,28,0,2520000
1789,28,0,2520000
1790,1,0,90000
1791,9,0,810000
1792,115,0,10350000
1793,93,0,8370000
1794,48,0,4320000
1795,56,0,5040000
1796,25,0,2250000
1797,4,0,360000
1798,3,0,270000
1799,1,0,90000
1800,3,0,270000
1801,1,0,90000
1802,6,0,540000
1803,5,0,450000
1804,8,0,720000
1805,1,0,90000
1806,19,0,1710000
1807,21,0,1890000
1808,27,0,2430000
1809,43,0,3870000
1810,9,0,810000
1811,15,0,1350000
1812,3,0,270000
1813,0,0,0
1814,0,0,0
1815,0,0,0
1816,0,0,0
1817,0,0,0
1818,0,0,0
1819,0,0,0
1820,0,0,0
1821,0,0,0
1822,0,0,0
1823,0,0,0
1824,0,0,0
1825,0,0,0
1826,59,6,6186000
1827,25,2,2542000
1828,9,0,810000
1829,5,0,450000
1830,6,0,540000
1831,11,0,990000
1832,24,0,2160000
1833,14,0,1260000
1834,0,0,0
1835,0,0,0
1836,0,3,438000
1837,0,0,0
1838,1,0,90000
1839,22,0,1980000
1840,11,0,990000
1841,14,0,1260000
1842,0,7,1022000
1843,12,0,1080000
1844,49,0,4410000
1845,75,0,6750000
1846,4,0,360000
1847,1,0,90000
1848,0,0,0
1849,2,0,180000
1850,10,0,900000
1851,3,0,270000
1852,15,0,1350000
1853,2,0,180000
1854,4,0,360000
1855,6,0,540000
1856,1,0,90000
1857,6,0,540000
1858,21,0,1890000
1859,8,0,720000
1860,0,0,0
1861,31,0,2790000
1862,24,0,2160000
1863,39,0,3510000
1864,29,0,2610000
1865,12,0,1080000
1866,20,0,1800000
1867,6,0,540000
1868,0,0,0
1869,0,0,0
1870,0,0,0
1871,0,0,0
1872,0,0,0
1873,0,0,0
1874,0,0,0
1875,0,0,0
1876,0,0,0
1877,0,0,0
1878,0,0,0
1879,0,0,0
1880,0,0,0
1881,30,12,4452000
1882,40,1,3746000
1883,21,0,1890000
1884,36,0,3240000
1885,15,0,1350000
1886,51,0,4590000
1887,6,0,540000
1888,6,0,540000
1889,0,0,0
1890,0,1,146000
1891,0,9,1314000
1892,0,8,1168000
1893,0,0,0
1894,13,0,1170000
1895,3,0,270000
1896,0,0,0
1897,0,2,292000
1898,0,0,0
1899,6,0,540000
1900,21,0,1890000
1901,0,0,0
1902,0,0,0
1903,0,0,0
1904,0,0,0
1905,0,0,0
1906,1,0,90000
1907,8,0,720000
1908,9,0,810000
1909,5,0,450000
1910,4,0,360000
1911,3,0,270000
1912,4,0,360000
1913,23,0,2070000
1914,12,0,1080000
1915,7,0,630000
1916,18,0,1620000
1917,42,0,3780000
1918,14,0,1260000
1919,5,0,450000
1920,7,0,630000
1921,3,0,270000
1922,4,0,360000
1923,0,0,0
1924,0,0,0
1925,0,0,0
1926,0,0,0
1927,0,0,0
1928,0,0,0
1929,0,0,0
1930,0,0,0
1931,0,0,0
1932,0,0,0
1933,0,0,0
1934,0,0,0
1935,0,0,0
1936,0,0,0
1937,0,7,1022000
1938,4,6,1236000
1939,2,0,180000
1940,0,0,0
1941,7,4,1214000
1942,0,0,0
1943,0,0,0
1944,0,0,0
1945,0,1,146000
1946,0,2,292000
1947,0,0,0
1948,0,0,0
1949,0,0,0
1950,0,0,0
1951,0,0,0
1952,0,0,0
1953,0,0,0
1954,0,0,0
1955,0,0,0
1956,0,0,0
1957,0,0,0
1958,0,0,0
1959,0,0,0
1960,1,0,90000
1961,0,0,0
1962,0,0,0
1963,0,0,0
1964,0,0,0
1965,5,0,450000
1966,2,0,180000
1967,4,0,360000
1968,3,0,270000
1969,7,0,630000
1970,9,0,810000
1971,28,0,2520000
1972,9,0,810000
1973,21,0,1890000
1974,6,0,540000
1975,3,0,270000
1976,1,0,90000
1977,3,0,270000
1978,0,0,0
1979,0,0,0
1980,0,0,0
1981,0,0,0
1982,0,0,0
1983,0,0,0
1984,0,0,0
1985,0,0,0
1986,0,0,0
1987,0,0,0
1988,0,0,0
1989,0,0,0
1990,0,0,0
1991,0,0,0
1992,0,6,876000
1993,0,0,0
1994,0,0,0
1995,0,0,0
1996,0,28,4088000
1997,0,0,0
1998,0,0,0
1999,0,0,0
2000,0,0,0
2001,0,3,438000
2002,0,3,438000
2003,0,0,0
2004,2,0,180000
2005,6,0,540000
2006,0,1,146000
2007,0,0,0
2008,0,0,0
2009,0,0,0
2010,0,0,0
2011,0,0,0
2012,1,0,90000
2013,0,0,0
2014,0,0,0
2015,0,0,0
2016,0,0,0
2017,0,0,0
2018,0,0,0
2019,0,0,0
2020,1,0,90000
2021,9,0,810000
2022,6,0,540000
2023,9,0,810000
2024,5,0,450000
2025,3,0,270000
2026,12,0,1080000
2027,17,0,1530000
2028,23,0,2070000
2029,16,0,1440000
2030,10,0,900000
2031,4,0,360000
2032,5,0,450000
2033,0,0,0
2034,0,0,0
2035,0,0,0
2036,0,0,0
2037,0,0,0
2038,0,0,0
2039,0,0,0
2040,0,0,0
2041,0,0,0
2042,0,0,0
2043,0,0,0
2044,0,0,0
2045,0,0,0
2046,0,2,292000
2047,0,1,146000
2048,0,1,146000
2049,0,0,0
2050,0,0,0
2051,0,0,0
2052,0,0,0
2053,0,0,0
2054,0,0,0
2055,0,16,2336000
2056,0,12,1752000
2057,0,0,0
2058,3,0,270000
2059,25,0,2250000
2060,30,0,2700000
2061,4,0,360000
2062,12,1,1226000
2063,0,11,1606000
2064,0,0,0
2065,0,0,0
2066,0,0,0
2067,0,0,0
2068,0,0,0
2069,0,0,0
2070,0,0,0
2071,0,0,0
2072,0,0,0
2073,0,0,0
2074,0,0,0
2075,0,0,0
2076,1,0,90000
2077,3,0,270000
2078,5,0,450000
2079,4,0,360000
2080,1,0,90000
2081,2,0,180000
2082,1,0,90000
2083,7,0,630000
2084,4,1,506000
2085,4,0,360000
2086,3,0,270000
2087,5,0,450000
2088,0,0,0
2089,0,0,0
2090,0,0,0
2091,0,0,0
2092,0,0,0
2093,0,0,0
2094,0,0,0
2095,0,0,0
2096,0,0,0
2097,0,0,0
2098,0,0,0
2099,0,0,0
2100,0,0,0
2101,0,2,292000
2102,0,1,146000
2103,0,0,0
2104,0,0,0
2105,0,0,0
2106,0,0,0
2107,0,0,0
2108,0,5,730000
2109,0,0,0
2110,0,7,1022000
2111,0,0,0
2112,0,0,0
2113,15,0,1350000
2114,23,2,2362000
2115,20,1,1946000
2116,20,0,1800000
2117,5,12,2202000
2118,0,0,0
2119,0,3,438000
2120,0,0,0
2121,0,0,0
2122,0,0,0
2123,0,0,0
2124,0,0,0
2125,0,0,0
2126,0,0,0
2127,0,0,0
2128,0,0,0
2129,0,0,0
2130,0,0,0
2131,1,0,90000
2132,1,0,90000
2133,0,0,0
2134,7,0,630000
2135,1,0,90000
2136,4,0,360000
2137,6,0,540000
2138,6,0,540000
2139,3,0,270000
2140,7,0,630000
2141,2,0,180000
2142,5,0,450000
2143,0,0,0
2144,0,0,0
2145,0,0,0
2146,0,0,0
2147,0,0,0
2148,0,0,0
2149,0,0,0
2150,0,0,0
2151,0,0,0
2152,0,0,0
2153,0,0,0
2154,0,0,0
2155,0,0,0
2156,0,3,438000
2157,0,0,0
2158,0,0,0
2159,0,0,0
2160,0,0,0
2161,0,0,0
2162,0,0,0
2163,0,1,146000
2164,0,0,0
2165,0,4,584000
2166,1,0,90000
2167,1,0,90000
2168,11,0,990000
2169,11,6,1866000
2170,1,2,382000
2171,29,6,3486000
2172,21,2,2182000
2173,7,2,922000
2174,1,0,90000
2175,0,0,0
2176,0,0,0
2177,0,0,0
2178,0,0,0
2179,0,0,0
2180,0,0,0
2181,0,0,0
2182,0,0,0
2183,0,0,0
2184,0,0,0
2185,0,0,0
2186,0,0,0
2187,0,0,0
2188,0,0,0
2189,2,0,180000
2190,4,0,360000
2191,8,0,720000
2192,6,0,540000
2193,1,0,90000
2194,1,0,90000
2195,24,0,2160000
2196,10,0,900000
2197,1,0,90000
2198,0,0,0
2199,0,0,0
2200,0,0,0
2201,0,0,0
2202,0,0,0
2203,0,0,0
2204,0,0,0
2205,0,0,0
2206,0,0,0
2207,0,0,0
2208,0,0,0
2209,0,0,0
2210,0,0,0
2211,0,2,292000
2212,0,0,0
2213,0,0,0
2214,0,0,0
2215,0,0,0
2216,0,0,0
2217,0,0,0
2218,0,0,0
2219,0,0,0
2220,0,14,2044000
2221,0,0,0
2222,0,0,0
2223,22,0,1980000
2224,5,3,888000
2225,0,5,730000
2226,17,10,2990000
2227,34,0,3060000
2228,7,0,630000
2229,0,0,0
2230,2,0,180000
2231,0,0,0
2232,0,0,0
2233,0,0,0
2234,0,0,0
2235,0,0,0
2236,0,0,0
2237,1,0,90000
2238,0,0,0
2239,0,0,0
2240,0,0,0
2241,0,0,0
2242,0,0,0
2243,0,0,0
2244,0,0,0
2245,5,0,450000
2246,4,0,360000
2247,5,0,450000
2248,13,0,1170000
2249,14,0,1260000
2250,6,0,540000
2251,1,0,90000
2252,2,0,180000
2253,0,0,0
2254,0,0,0
2255,0,0,0
2256,0,0,0
2257,0,0,0
2258,0,0,0
2259,0,0,0
2260,0,0,0
2261,0,0,0
2262,0,0,0
2263,0,0,0
2264,0,0,0
2265,0,0,0
2266,0,5,730000
2267,0,0,0
2268,0,0,0
2269,0,0,0
2270,0,0,0
2271,0,0,0
2272,0,0,0
2273,0,0,0
2274,0,0,0
2275,0,16,2336000
2276,0,0,0
2277,0,0,0
2278,6,0,540000
2279,19,40,7550000
2280,1,0,90000
2281,0,0,0
2282,12,0,1080000
2283,1,0,90000
2284,1,0,90000
2285,1,0,90000
2286,0,0,0
2287,0,0,0
2288,0,0,0
2289,0,0,0
2290,0,0,0
2291,0,0,0
2292,0,0,0
2293,0,0,0
2294,0,0,0
2295,0,0,0
2296,0,0,0
2297,0,0,0
2298,0,0,0
2299,0,0,0
2300,0,0,0
2301,0,0,0
2302,2,0,180000
2303,11,0,990000
2304,2,7,1202000
2305,1,1,236000
2306,1,0,90000
2307,1,0,90000
2308,0,0,0
2309,0,0,0
2310,0,0,0
2311,0,0,0
2312,0,0,0
2313,0,0,0
2314,0,0,0
2315,0,0,0
2316,0,0,0
2317,0,0,0
2318,0,0,0
2319,0,0,0
2320,0,0,0
2321,0,0,0
2322,0,0,0
2323,0,8,1168000
2324,0,1,146000
2325,0,0,0
2326,0,2,292000
2327,0,13,1898000
2328,0,0,0
2329,1,5,820000
2330,12,11,2686000
2331,2,0,180000
2332,0,0,0
2333,0,11,1606000
2334,5,3,888000
2335,6,0,540000
2336,6,0,540000
2337,0,0,0
2338,0,0,0
2339,0,0,0
2340,0,0,0
2341,0,0,0
2342,0,0,0
2343,0,0,0
2344,0,0,0
2345,0,0,0
2346,0,0,0
2347,0,0,0
2348,0,0,0
2349,0,0,0
2350,0,0,0
2351,0,0,0
2352,0,0,0
2353,0,0,0
2354,0,0,0
2355,0,1,146000
2356,0,1,146000
2357,4,1,506000
2358,10,0,900000
2359,2,0,180000
2360,0,1,146000
2361,2,0,180000
2362,2,1,326000
2363,0,0,0
2364,0,0,0
2365,0,0,0
2366,0,0,0
2367,0,0,0
2368,0,0,0
2369,0,0,0
2370,0,0,0
2371,0,0,0
2372,0,0,0
2373,0,0,0
2374,0,0,0
2375,0,0,0
2376,0,0,0
2377,0,0,0
2378,0,0,0
2379,0,0,0
2380,0,0,0
2381,0,0,0
2382,0,0,0
2383,1,0,90000
2384,17,0,1530000
2385,37,0,3330000
2386,13,0,1170000
2387,0,0,0
2388,0,0,0
2389,9,30,5190000
2390,3,0,270000
2391,5,0,450000
2392,0,0,0
2393,0,0,0
2394,0,0,0
2395,1,0,90000
2396,0,0,0
2397,0,0,0
2398,0,0,0
2399,0,0,0
2400,0,0,0
2401,0,0,0
2402,0,0,0
2403,0,0,0
2404,0,0,0
2405,0,0,0
2406,0,0,0
2407,0,0,0
2408,0,1,146000
2409,0,0,0
2410,0,0,0
2411,0,0,0
2412,0,0,0
2413,1,0,90000
2414,3,0,270000
2415,3,0,270000
2416,0,0,0
2417,0,0,0
2418,0,0,0
2419,0,0,0
2420,0,0,0
2421,0,0,0
2422,0,0,0
2423,0,0,0
2424,0,0,0
2425,0,0,0
2426,0,0,0
2427,0,0,0
2428,0,0,0
2429,0,0,0
2430,0,0,0
2431,0,3,438000
2432,0,7,1022000
2433,0,7,1022000
2434,0,0,0
2435,0,0,0
2436,0,0,0
2437,0,0,0
2438,6,0,540000
2439,33,0,2970000
2440,28,0,2520000
2441,11,2,1282000
2442,10,0,900000
2443,24,0,2160000
2444,13,0,1170000
2445,4,0,360000
2446,1,0,90000
2447,2,0,180000
2448,0,0,0
2449,0,0,0
2450,0,0,0
2451,0,0,0
2452,0,0,0
2453,0,0,0
2454,0,0,0
2455,0,0,0
2456,0,0,0
2457,0,0,0
2458,0,0,0
2459,0,0,0
2460,0,0,0
2461,0,1,146000
2462,0,0,0
2463,0,0,0
2464,0,0,0
2465,0,0,0
2466,0,0,0
2467,0,0,0
2468,0,0,0
2469,0,0,0
2470,0,10,1460000
2471,0,0,0
2472,0,0,0
2473,0,0,0
2474,0,0,0
2475,0,0,0
2476,0,0,0
2477,0,0,0
2478,0,0,0
2479,0,0,0
2480,0,0,0
2481,0,0,0
2482,0,0,0
2483,0,0,0
2484,0,0,0
2485,0,0,0
2486,0,0,0
2487,0,0,0
2488,0,13,1898000
2489,0,0,0
2490,0,0,0
2491,0,0,0
2492,0,0,0
2493,5,0,450000
2494,9,0,810000
2495,19,0,1710000
2496,3,2,562000
2497,13,0,1170000
2498,9,0,810000
2499,0,0,0
2500,5,0,450000
2501,0,0,0
2502,2,0,180000
2503,0,0,0
2504,0,0,0
2505,0,0,0
2506,0,0,0
2507,0,0,0
2508,0,0,0
2509,0,0,0
2510,0,0,0
2511,0,0,0
2512,0,0,0
2513,0,0,0
2514,0,0,0
2515,0,0,0
2516,0,0,0
2517,0,0,0
2518,0,0,0
2519,0,0,0
2520,0,0,0
2521,0,0,0
2522,0,0,0
2523,0,0,0
2524,0,0,0
2525,0,7,1022000
2526,0,0,0
2527,0,0,0
2528,0,0,0
2529,0,0,0
2530,0,0,0
2531,0,0,0
2532,0,0,0
2533,0,0,0
2534,0,0,0
2535,0,0,0
2536,0,0,0
2537,0,0,0
2538,0,0,0
2539,0,0,0
2540,0,0,0
2541,0,0,0
2542,0,0,0
2543,0,4,584000
2544,0,3,438000
2545,0,0,0
2546,0,0,0
2547,1,0,90000
2548,26,0,2340000
2549,16,0,1440000
2550,15,0,1350000
2551,2,4,764000
2552,9,0,810000
2553,17,0,1530000
2554,1,4,674000
2555,1,0,90000
2556,0,0,0
2557,1,0,90000
2558,0,0,0
2559,0,0,0
2560,0,0,0
2561,0,0,0
2562,1,0,90000
2563,0,0,0
2564,0,0,0
2565,0,0,0
2566,0,0,0
2567,0,0,0
2568,0,0,0
2569,0,0,0
2570,0,0,0
2571,0,0,0
2572,0,0,0
2573,0,0,0
2574,0,0,0
2575,0,0,0
2576,0,0,0
2577,0,0,0
2578,0,0,0
2579,0,0,0
2580,0,0,0
2581,0,8,1168000
2582,0,0,0
2583,0,0,0
2584,0,0,0
2585,0,0,0
2586,0,0,0
2587,0,0,0
2588,0,0,0
2589,0,0,0
2590,0,0,0
2591,0,0,0
2592,0,0,0
2593,0,0,0
2594,0,0,0
2595,0,0,0
2596,0,0,0
2597,0,0,0
2598,0,0,0
2599,0,0,0
2600,0,1,146000
2601,0,0,0
2602,2,0,180000
2603,19,0,1710000
2604,4,0,360000
2605,2,0,180000
2606,30,1,2846000
2607,21,6,2766000
2608,5,25,4100000
2609,0,1,146000
2610,2,0,180000
2611,0,0,0
2612,0,0,0
2613,1,0,90000
2614,5,0,450000
2615,10,0,900000
2616,0,0,0
2617,0,0,0
2618,0,0,0
2619,1,0,90000
2620,0,0,0
2621,0,0,0
2622,0,0,0
2623,0,0,0
2624,0,0,0
2625,0,0,0
2626,0,0,0
2627,0,0,0
2628,0,0,0
2629,0,0,0
2630,0,0,0
2631,0,0,0
2632,0,0,0
2633,0,0,0
2634,0,0,0
2635,0,0,0
2636,0,0,0
2637,0,0,0
2638,0,0,0
2639,0,0,0
2640,0,0,0
2641,0,0,0
2642,0,0,0
2643,0,0,0
2644,0,0,0
2645,0,0,0
2646,0,0,0
2647,0,0,0
2648,0,0,0
2649,0,0,0
2650,0,0,0
2651,0,0,0
2652,0,0,0
2653,0,0,0
2654,0,0,0
2655,0,0,0
2656,0,0,0
2657,12,0,1080000
2658,4,0,360000
2659,14,0,1260000
2660,40,0,3600000
2661,31,0,2790000
2662,20,0,1800000
2663,31,0,2790000
2664,18,0,1620000
2665,10,2,1192000
2666,1,0,90000
2667,1,0,90000
2668,0,0,0
2669,7,1,776000
2670,8,0,720000
2671,0,0,0
2672,0,0,0
2673,0,0,0
2674,1,0,90000
2675,0,0,0
2676,0,0,0
2677,0,0,0
2678,0,0,0
2679,0,0,0
2680,0,0,0
2681,0,0,0
2682,0,0,0
2683,0,0,0
2684,0,0,0
2685,0,0,0
2686,0,0,0
2687,0,0,0
2688,0,0,0
2689,0,0,0
2690,0,0,0
2691,0,0,0
2692,0,12,1752000
2693,0,0,0
2694,0,0,0
2695,0,0,0
2696,0,0,0
2697,0,0,0
2698,0,0,0
2699,0,0,0
2700,0,0,0
2701,0,0,0
2702,0,0,0
2703,0,0,0
2704,0,0,0
2705,0,1,146000
2706,0,0,0
2707,0,0,0
2708,0,0,0
2709,0,0,0
2710,0,0,0
2711,14,0,1260000
2712,6,0,540000
2713,1,0,90000
2714,11,0,990000
2715,32,0,2880000
2716,16,0,1440000
2717,10,0,900000
2718,21,0,1890000
2719,19,0,1710000
2720,8,5,1450000
2721,2,0,180000
2722,2,0,180000
2723,0,0,0
2724,7,0,630000
2725,8,0,720000
2726,0,0,0
2727,0,0,0
2728,0,0,0
2729,0,0,0
2730,0,0,0
2731,0,0,0
2732,0,0,0
2733,0,0,0
2734,0,0,0
2735,0,0,0
2736,0,0,0
2737,0,0,0
2738,0,0,0
2739,0,0,0
2740,0,0,0
2741,0,0,0
2742,0,0,0
2743,0,0,0
2744,0,0,0
2745,0,0,0
2746,0,0,0
2747,0,0,0
2748,0,0,0
2749,0,0,0
2750,0,0,0
2751,0,0,0
2752,0,0,0
2753,0,0,0
2754,0,0,0
2755,0,0,0
2756,0,0,0
2757,0,0,0
2758,0,0,0
2759,0,0,0
2760,0,0,0
2761,0,0,0
2762,0,0,0
2763,0,0,0
2764,0,0,0
2765,0,0,0
2766,23,0,2070000
2767,2,0,180000
2768,3,0,270000
2769,11,0,990000
2770,12,0,1080000
2771,6,0,540000
2772,26,0,2340000
2773,4,0,360000
2774,4,0,360000
2775,4,1,506000
2776,3,0,270000
2777,0,0,0
2778,2,0,180000
2779,0,0,0
2780,1,0,90000
2781,0,0,0
2782,1,0,90000
2783,1,0,90000
2784,0,0,0
2785,0,0,0
2786,0,0,0
2787,0,0,0
2788,0,0,0
2789,0,0,0
2790,0,0,0
2791,0,0,0
2792,0,0,0
2793,0,0,0
2794,0,0,0
2795,0,0,0
2796,0,0,0
2797,0,0,0
2798,0,0,0
2799,0,0,0
2800,0,0,0
2801,0,0,0
2802,0,0,0
2803,0,0,0
2804,0,0,0
2805,0,0,0
2806,0,0,0
2807,0,0,0
2808,0,0,0
2809,0,0,0
2810,0,0,0
2811,0,0,0
2812,0,0,0
2813,0,7,1022000
2814,0,2,292000
2815,0,0,0
2816,0,0,0
2817,0,0,0
2818,0,0,0
2819,1,0,90000
2820,1,0,90000
2821,12,0,1080000
2822,2,0,180000
2823,24,0,2160000
2824,20,0,1800000
2825,14,0,1260000
2826,7,0,630000
2827,18,0,1620000
2828,7,0,630000
2829,7,0,630000
2830,15,0,1350000
2831,26,0,2340000
2832,8,0,720000
2833,8,0,720000
2834,0,0,0
2835,0,0,0
2836,0,0,0
2837,2,0,180000
2838,0,0,0
2839,0,0,0
2840,0,0,0
2841,0,0,0
2842,0,0,0
2843,0,0,0
2844,0,0,0
2845,0,0,0
2846,0,0,0
2847,0,0,0
2848,0,0,0
2849,0,0,0
2850,0,0,0
2851,0,0,0
2852,0,0,0
2853,0,0,0
2854,0,0,0
2855,0,0,0
2856,0,0,0
2857,0,0,0
2858,0,0,0
2859,0,0,0
2860,0,0,0
2861,0,0,0
2862,0,0,0
2863,0,0,0
2864,0,0,0
2865,0,0,0
2866,0,0,0
2867,0,0,0
2868,0,4,584000
2869,0,28,4088000
2870,0,0,0
2871,0,0,0
2872,0,0,0
2873,0,0,0
2874,0,0,0
2875,4,0,360000
2876,14,0,1260000
2877,32,0,2880000
2878,33,3,3408000
2879,10,0,900000
2880,7,0,630000
2881,12,0,1080000
2882,12,0,1080000
2883,0,0,0
2884,10,0,900000
2885,14,3,1698000
2886,32,2,3172000
2887,9,1,956000
2888,7,0,630000
2889,9,3,1248000
2890,5,0,450000
2891,2,0,180000
2892,0,0,0
2893,3,0,270000
2894,0,0,0
2895,0,0,0
2896,0,0,0
2897,0,0,0
2898,0,0,0
2899,0,0,0
2900,0,0,0
2901,0,0,0
2902,0,0,0
2903,0,0,0
2904,0,0,0
2905,0,0,0
2906,0,0,0
2907,0,0,0
2908,0,0,0
2909,0,0,0
2910,0,0,0
2911,0,0,0
2912,1,0,90000
2913,0,0,0
2914,0,0,0
2915,0,0,0
2916,0,0,0
2917,0,0,0
2918,0,0,0
2919,0,0,0
2920,0,0,0
2921,0,0,0
2922,0,0,0
2923,0,0,0
2924,0,0,0
2925,0,0,0
2926,0,0,0
2927,0,0,0
2928,0,0,0
2929,0,0,0
2930,8,0,720000
2931,6,0,540000
2932,19,3,2148000
2933,5,0,450000
2934,19,0,1710000
2935,6,0,540000
2936,4,0,360000
2937,1,0,90000
2938,0,0,0
2939,19,0,1710000
2940,6,0,540000
2941,16,0,1440000
2942,5,0,450000
2943,4,0,360000
2944,1,0,90000
2945,1,0,90000
2946,5,0,450000
2947,3,0,270000
2948,0,0,0
2949,0,0,0
2950,0,0,0
2951,0,0,0
2952,0,0,0
2953,0,0,0
2954,0,0,0
2955,0,0,0
2956,0,0,0
2957,0,0,0
2958,0,0,0
2959,0,0,0
2960,0,0,0
2961,0,0,0
2962,0,0,0
2963,0,0,0
2964,0,0,0
2965,0,0,0
2966,0,0,0
2967,0,0,0
2968,0,0,0
2969,0,0,0
2970,0,0,0
2971,0,0,0
2972,0,0,0
2973,0,0,0
2974,0,0,0
2975,0,0,0
2976,0,0,0
2977,0,0,0
2978,0,0,0
2979,0,0,0
2980,0,0,0
2981,0,0,0
2982,11,4,1574000
2983,11,1,1136000
2984,4,0,360000
2985,9,0,810000
2986,0,0,0
2987,6,1,686000
2988,3,0,270000
2989,0,0,0
2990,0,0,0
2991,0,0,0
2992,1,0,90000
2993,1,0,90000
2994,27,0,2430000
2995,2,0,180000
2996,4,0,360000
2997,0,0,0
2998,0,0,0
2999,0,0,0
3000,1,0,90000
3001,0,0,0
3002,0,0,0
3003,1,0,90000
3004,0,0,0
3005,0,0,0
3006,0,0,0
3007,0,0,0
3008,0,0,0
3009,0,0,0
3010,0,0,0
3011,0,0,0
3012,0,0,0
3013,0,0,0
3014,0,0,0
3015,0,1,146000
3016,0,0,0
3017,0,0,0
3018,0,0,0
3019,0,0,0
3020,0,0,0
3021,0,0,0
3022,0,0,0
3023,0,0,0
3024,0,0,0
3025,0,0,0
3026,0,0,0
3027,0,0,0
3028,0,0,0
3029,0,0,0
3030,0,0,0
3031,0,0,0
3032,0,0,0
3033,0,0,0
3034,0,0,0
3035,0,0,0
3036,2,0,180000
3037,27,7,3452000
3038,9,0,810000
3039,6,0,540000
3040,7,0,630000
3041,0,0,0
3042,3,0,270000
3043,0,0,0
3044,0,0,0
3045,1,0,90000
3046,1,0,90000
3047,2,0,180000
3048,1,0,90000
3049,7,0,630000
3050,6,0,540000
3051,14,0,1260000
3052,5,0,450000
3053,1,0,90000
3054,0,0,0
3055,0,0,0
3056,0,0,0
3057,0,0,0
3058,0,0,0
3059,0,0,0
3060,0,0,0
3061,0,0,0
3062,0,0,0
3063,0,0,0
3064,0,0,0
3065,0,0,0
3066,0,0,0
3067,0,0,0
3068,0,0,0
3069,0,0,0
3070,0,0,0
3071,0,0,0
3072,0,0,0
3073,0,0,0
3074,0,0,0
3075,0,0,0
3076,0,0,0
3077,0,0,0
3078,0,0,0
3079,0,0,0
3080,0,0,0
3081,0,0,0
3082,0,0,0
3083,0,0,0
3084,0,0,0
3085,0,0,0
3086,0,0,0
3087,0,0,0
3088,0,0,0
3089,0,5,730000
3090,8,1,866000
3091,12,0,1080000
3092,15,0,1350000
3093,26,0,2340000
3094,11,1,1136000
3095,9,0,810000
3096,10,0,900000
3097,2,0,180000
3098,8,0,720000
3099,3,0,270000
3100,1,0,90000
3101,5,0,450000
3102,2,0,180000
3103,1,0,90000
3104,1,0,90000
3105,2,0,180000
3106,6,0,540000
3107,4,0,360000
3108,1,0,90000
3109,0,0,0
3110,0,0,0
3111,0,0,0
3112,0,0,0
3113,0,0,0
3114,0,0,0
3115,0,0,0
3116,0,0,0
3117,0,0,0
3118,0,0,0
3119,0,0,0
3120,0,0,0
3121,0,0,0
3122,0,0,0
3123,0,0,0
3124,0,0,0
3125,0,0,0
3126,0,0,0
3127,0,0,0
3128,0,0,0
3129,0,0,0
3130,0,0,0
3131,0,0,0
3132,0,0,0
3133,0,0,0
3134,0,0,0
3135,0,0,0
3136,0,0,0
3137,0,0,0
3138,0,0,0
3139,0,0,0
3140,0,0,0
3141,0,0,0
3142,0,0,0
3143,1,0,90000
3144,8,0,720000
3145,23,0,2070000
3146,15,0,1350000
3147,8,0,720000
3148,9,0,810000
3149,7,1,776000
3150,8,3,1158000
3151,13,0,1170000
3152,2,0,180000
3153,4,0,360000
3154,0,0,0
3155,0,0,0
3156,2,0,180000
3157,5,0,450000
3158,0,0,0
3159,0,0,0
3160,1,0,90000
3161,0,0,0
3162,0,0,0
3163,0,0,0
3164,4,0,360000
3165,0,0,0
3166,0,0,0
3167,0,0,0
3168,0,0,0
3169,0,0,0
3170,0,0,0
3171,0,0,0
3172,0,0,0
3173,0,0,0
3174,0,0,0
3175,0,0,0
3176,0,0,0
3177,0,0,0
3178,0,0,0
3179,0,0,0
3180,0,0,0
3181,0,0,0
3182,0,0,0
3183,0,0,0
3184,0,0,0
3185,0,0,0
3186,0,0,0
3187,0,0,0
3188,0,0,0
3189,0,0,0
3190,0,0,0
3191,0,0,0
3192,0,0,0
3193,0,0,0
3194,0,0,0
3195,0,0,0
3196,0,0,0
3197,2,0,180000
3198,12,0,1080000
3199,7,3,1068000
3200,15,6,2226000
3201,0,6,876000
3202,0,0,0
3203,0,0,0
3204,13,0,1170000
3205,15,3,1788000
3206,2,0,180000
3207,0,0,0
3208,1,0,90000
3209,0,0,0
3210,2,0,180000
3211,16,0,1440000
3212,6,0,540000
3213,4,0,360000
3214,13,0,1170000
3215,14,0,1260000
3216,4,0,360000
3217,2,0,180000
3218,0,0,0
3219,1,0,90000
3220,0,0,0
3221,0,0,0
3222,0,0,0
3223,0,0,0
3224,0,0,0
3225,0,0,0
3226,0,0,0
3227,0,0,0
3228,0,0,0
3229,0,0,0
3230,0,0,0
3231,0,0,0
3232,0,0,0
3233,0,0,0
3234,0,0,0
3235,0,0,0
3236,0,0,0
3237,0,0,0
3238,0,0,0
3239,0,0,0
3240,0,0,0
3241,0,0,0
3242,0,0,0
3243,0,0,0
3244,0,0,0
3245,0,0,0
3246,0,0,0
3247,0,0,0
3248,0,0,0
3249,0,0,0
3250,0,0,0
3251,0,0,0
3252,0,0,0
3253,3,13,2168000
3254,0,3,438000
3255,2,0,180000
3256,1,0,90000
3257,11,0,990000
3258,8,0,720000
3259,18,0,1620000
3260,11,1,1136000
3261,26,3,2778000
3262,9,0,810000
3263,16,0,1440000
3264,15,0,1350000
3265,16,0,1440000
3266,0,0,0
3267,27,0,2430000
3268,16,0,1440000
3269,12,0,1080000
3270,2,0,180000
3271,5,0,450000
3272,2,0,180000
3273,0,0,0
3274,0,0,0
3275,0,0,0
3276,0,0,0
3277,0,0,0
3278,0,0,0
3279,0,0,0
3280,0,0,0
3281,0,0,0
3282,0,0,0
3283,0,0,0
3284,0,0,0
3285,0,0,0
3286,0,0,0
3287,0,0,0
3288,0,0,0
3289,0,0,0
3290,0,0,0
3291,0,0,0
3292,0,0,0
3293,0,0,0
3294,0,0,0
3295,0,0,0
3296,0,0,0
3297,0,0,0
3298,0,0,0
3299,0,0,0
3300,0,0,0
3301,0,0,0
3302,0,0,0
3303,0,0,0
3304,0,0,0
3305,0,0,0
3306,0,0,0
3307,0,0,0
3308,0,0,0
3309,0,0,0
3310,5,2,742000
3311,30,0,2700000
3312,16,0,1440000
3313,8,0,720000
3314,5,0,450000
3315,1,0,90000
3316,4,0,360000
3317,9,0,810000
3318,0,0,0
3319,0,0,0
3320,17,0,1530000
3321,15,0,1350000
3322,11,0,990000
3323,19,0,1710000
3324,5,0,450000
3325,6,0,540000
3326,0,0,0
3327,0,0,0
3328,0,0,0
3329,1,0,90000
3330,0,0,0
3331,0,0,0
3332,0,1,146000
3333,0,0,0
3334,0,0,0
3335,0,0,0
3336,0,0,0
3337,0,0,0
3338,0,0,0
3339,0,0,0
3340,0,0,0
3341,0,0,0
3342,0,0,0
3343,0,0,0
3344,0,0,0
3345,0,0,0
3346,0,0,0
3347,0,0,0
3348,0,0,0
3349,0,0,0
3350,0,0,0
3351,0,0,0
3352,0,0,0
3353,0,0,0
3354,0,0,0
3355,0,0,0
3356,0,0,0
3357,0,0,0
3358,0,0,0
3359,0,0,0
3360,0,0,0
3361,0,0,0
3362,1,0,90000
3363,0,0,0
3364,2,0,180000
3365,13,0,1170000
3366,18,0,1620000
3367,10,7,1922000
3368,15,0,1350000
3369,6,0,540000
3370,14,0,1260000
3371,6,0,540000
3372,2,0,180000
3373,0,0,0
3374,0,0,0
3375,0,0,0
3376,4,0,360000
3377,4,0,360000
3378,12,0,1080000
3379,8,0,720000
3380,5,0,450000
3381,0,0,0
3382,0,0,0
3383,0,0,0
3384,0,0,0
3385,0,0,0
3386,0,0,0
3387,0,3,438000
3388,0,0,0
3389,0,0,0
3390,0,0,0
3391,0,0,0
3392,0,0,0
3393,0,0,0
3394,0,0,0
3395,0,0,0
3396,0,0,0
3397,0,0,0
3398,0,0,0
3399,0,0,0
3400,0,0,0
3401,0,0,0
3402,0,0,0
3403,0,0,0
3404,0,0,0
3405,0,0,0
3406,0,0,0
3407,0,0,0
3408,0,0,0
3409,0,0,0
3410,0,0,0
3411,0,0,0
3412,0,0,0
3413,0,0,0
3414,0,0,0
3415,0,0,0
3416,0,0,0
3417,0,0,0
3418,2,0,180000
3419,17,0,1530000
3420,25,0,2250000
3421,36,0,3240000
3422,28,1,2666000
3423,2,0,180000
3424,0,0,0
3425,2,0,180000
3426,10,0,900000
3427,13,0,1170000
3428,9,0,810000
3429,0,0,0
3430,0,0,0
3431,0,0,0
3432,2,0,180000
3433,4,0,360000
3434,7,0,630000
3435,0,0,0
3436,0,0,0
3437,0,0,0
3438,0,0,0
3439,0,0,0
3440,0,0,0
3441,0,0,0
3442,0,0,0
3443,0,0,0
3444,0,0,0
3445,0,0,0
3446,0,0,0
3447,0,0,0
3448,0,0,0
3449,0,0,0
3450,0,0,0
3451,0,0,0
3452,0,0,0
3453,0,0,0
3454,0,0,0
3455,0,0,0
3456,0,0,0
3457,0,0,0
3458,0,0,0
3459,0,0,0
3460,0,0,0
3461,0,0,0
3462,0,0,0
3463,0,0,0
3464,0,0,0
3465,0,0,0
3466,0,0,0
3467,0,0,0
3468,0,0,0
3469,0,0,0
3470,0,0,0
3471,0,0,0
3472,4,2,652000
3473,21,2,2182000
3474,17,0,1530000
3475,18,0,1620000
3476,18,0,1620000
3477,10,0,900000
3478,16,0,1440000
3479,1,0,90000
3480,1,0,90000
3481,0,0,0
3482,0,0,0
3483,1,0,90000
3484,1,0,90000
3485,0,0,0
3486,0,0,0
3487,3,1,416000
3488,7,0,630000
3489,8,0,720000
3490,5,0,450000
3491,0,0,0
3492,0,0,0
3493,0,0,0
3494,0,0,0
3495,0,0,0
3496,0,0,0
3497,0,0,0
3498,0,0,0
3499,0,0,0
3500,0,0,0
3501,0,0,0
3502,0,0,0
3503,0,0,0
3504,0,0,0
3505,0,0,0
3506,0,0,0
3507,0,0,0
3508,0,0,0
3509,0,0,0
3510,0,0,0
3511,0,0,0
3512,0,0,0
3513,0,0,0
3514,0,0,0
3515,0,0,0
3516,0,0,0
3517,0,0,0
3518,0,0,0
3519,0,0,0
3520,0,0,0
3521,0,0,0
3522,0,0,0
3523,0,0,0
3524,0,0,0
3525,0,0,0
3526,0,0,0
3527,5,0,450000
3528,21,0,1890000
3529,20,1,1946000
3530,5,0,450000
3531,23,0,2070000
3532,6,0,540000
3533,20,1,1946000
3534,8,0,720000
3535,0,0,0
3536,0,0,0
3537,0,0,0
3538,1,0,90000
3539,6,0,540000
3540,1,0,90000
3541,0,0,0
3542,1,0,90000
3543,0,1,146000
3544,2,2,472000
3545,1,0,90000
3546,0,0,0
3547,0,0,0
3548,0,0,0
3549,0,0,0
3550,0,0,0
3551,0,2,292000
3552,0,0,0
3553,0,0,0
3554,0,0,0
3555,0,0,0
3556,0,0,0
3557,0,0,0
3558,0,0,0
3559,0,0,0
3560,0,0,0
3561,0,0,0
3562,0,0,0
3563,0,0,0
3564,0,0,0
3565,0,0,0
3566,0,0,0
3567,0,0,0
3568,0,0,0
3569,0,0,0
3570,0,0,0
3571,0,0,0
3572,0,0,0
3573,0,0,0
3574,0,0,0
3575,0,0,0
3576,0,0,0
3577,0,0,0
3578,0,0,0
3579,0,0,0
3580,0,0,0
3581,0,0,0
3582,2,2,472000
3583,24,2,2452000
3584,11,0,990000
3585,2,0,180000
3586,18,0,1620000
3587,17,0,1530000
3588,7,0,630000
3589,27,0,2430000
3590,6,0,540000
3591,0,0,0
3592,0,0,0
3593,1,0,90000
3594,1,0,90000
3595,7,0,630000
3596,0,0,0
3597,0,0,0
3598,0,0,0
3599,0,5,730000
3600,0,3,438000
3601,0,0,0
3602,0,0,0
3603,0,0,0
3604,0,0,0
3605,0,0,0
3606,0,0,0
3607,0,0,0
3608,0,0,0
3609,0,0,0
3610,0,0,0
3611,0,0,0
3612,0,0,0
3613,0,0,0
3614,0,0,0
3615,0,0,0
3616,0,0,0
3617,0,0,0
3618,0,0,0
3619,0,0,0
3620,0,0,0
3621,0,0,0
3622,0,0,0
3623,0,0,0
3624,0,0,0
3625,0,0,0
3626,0,0,0
3627,0,0,0
3628,0,0,0
3629,0,0,0
3630,0,0,0
3631,0,0,0
3632,0,0,0
3633,0,0,0
3634,0,0,0
3635,0,0,0
3636,0,0,0
3637,7,0,630000
3638,4,0,360000
3639,1,0,90000
3640,6,0,540000
3641,3,0,270000
3642,5,0,450000
3643,3,0,270000
3644,5,0,450000
3645,24,3,2598000
3646,0,0,0
3647,0,0,0
3648,2,0,180000
3649,2,0,180000
3650,6,0,540000
3651,0,0,0
3652,0,0,0
3653,0,0,0
3654,0,0,0
3655,0,0,0
3656,0,1,146000
3657,0,1,146000
3658,0,0,0
3659,0,0,0
3660,0,0,0
3661,0,0,0
3662,0,0,0
3663,0,0,0
3664,0,0,0
3665,0,0,0
3666,0,0,0
3667,0,0,0
3668,0,0,0
3669,0,0,0
3670,0,0,0
3671,0,0,0
3672,0,0,0
3673,0,0,0
3674,0,0,0
3675,0,0,0
3676,0,0,0
3677,0,0,0
3678,0,0,0
3679,0,0,0
3680,0,0,0
3681,0,0,0
3682,0,0,0
3683,0,0,0
3684,0,0,0
3685,0,0,0
3686,0,0,0
3687,0,0,0
3688,0,0,0
3689,0,0,0
3690,0,0,0
3691,0,0,0
3692,0,0,0
3693,2,0,180000
3694,0,0,0
3695,4,0,360000
3696,2,0,180000
3697,2,0,180000
3698,1,0,90000
3699,1,0,90000
3700,15,0,1350000
3701,0,0,0
3702,0,0,0
3703,1,0,90000
3704,1,0,90000
3705,0,0,0
3706,0,0,0
3707,0,0,0
3708,0,0,0
3709,0,0,0
3710,0,0,0
3711,0,0,0
3712,0,2,292000
3713,0,0,0
3714,0,0,0
3715,0,0,0
3716,0,0,0
3717,0,0,0
3718,0,0,0
3719,0,0,0
3720,0,0,0
3721,0,0,0
3722,0,0,0
3723,0,0,0
3724,0,0,0
3725,0,0,0
3726,0,0,0
3727,0,0,0
3728,0,0,0
3729,0,0,0
3730,0,0,0
3731,0,0,0
3732,0,0,0
3733,0,0,0
3734,0,0,0
3735,0,0,0
3736,0,0,0
3737,0,0,0
3738,0,0,0
3739,0,0,0
3740,0,0,0
3741,0,0,0
3742,0,0,0
3743,0,0,0
3744,0,0,0
3745,0,0,0
3746,0,0,0
3747,2,0,180000
3748,1,0,90000
3749,0,0,0
3750,1,0,90000
3751,8,0,720000
3752,6,0,540000
3753,4,0,360000
3754,3,0,270000
3755,3,0,270000
3756,0,4,584000
3757,0,0,0
3758,1,1,236000
3759,3,3,708000
3760,0,0,0
3761,0,0,0
3762,0,0,0
3763,0,0,0
3764,1,0,90000
3765,0,0,0
3766,0,0,0
3767,0,0,0
3768,0,0,0
3769,0,0,0
3770,0,0,0
3771,0,0,0
3772,0,0,0
3773,0,0,0
3774,0,0,0
3775,0,0,0
3776,0,0,0
3777,0,0,0
3778,0,0,0
3779,0,0,0
3780,0,0,0
3781,0,0,0
3782,0,0,0
3783,0,0,0
3784,0,0,0
3785,0,0,0
3786,0,0,0
3787,0,0,0
3788,0,0,0
3789,0,0,0
3790,0,0,0
3791,0,0,0
3792,0,0,0
3793,0,0,0
3794,0,0,0
3795,0,0,0
3796,0,0,0
3797,0,0,0
3798,0,0,0
3799,0,0,0
3800,0,0,0
3801,0,0,0
3802,0,0,0
3803,0,0,0
3804,1,0,90000
3805,1,0,90000
3806,4,0,360000
3807,2,0,180000
3808,6,0,540000
3809,3,0,270000
3810,6,0,540000
3811,0,0,0
3812,1,0,90000
3813,0,0,0
3814,0,0,0
3815,0,0,0
3816,0,0,0
3817,0,0,0
3818,0,0,0
3819,0,0,0
3820,0,0,0
3821,0,0,0
3822,0,0,0
3823,0,0,0
3824,0,0,0
3825,0,0,0
3826,0,0,0
3827,0,0,0
3828,0,0,0
3829,0,0,0
3830,0,0,0
3831,0,0,0
3832,0,0,0
3833,0,0,0
3834,0,0,0
3835,0,0,0
3836,0,0,0
3837,0,0,0
3838,0,0,0
3839,0,0,0
3840,0,0,0
3841,0,0,0
3842,0,0,0
3843,0,0,0
3844,0,0,0
3845,0,0,0
3846,0,0,0
3847,0,0,0
3848,0,0,0
3849,0,0,0
3850,0,0,0
3851,0,0,0
3852,0,0,0
3853,0,0,0
3854,0,0,0
3855,0,0,0
3856,0,0,0
3857,0,0,0
3858,0,0,0
3859,0,0,0
3860,1,0,90000
3861,0,0,0
3862,0,0,0
3863,0,0,0
3864,0,0,0
3865,1,0,90000
3866,0,0,0
3867,0,0,0
3868,0,0,0
3869,0,0,0
3870,0,0,0
3871,0,0,0
3872,0,0,0
3873,0,0,0
3874,0,0,0
3875,0,0,0
3876,0,0,0
3877,0,0,0
3878,0,0,0
3879,0,0,0
3880,0,0,0
3881,0,0,0
3882,0,0,0
3883,0,0,0
3884,0,0,0
3885,0,0,0
3886,0,0,0
3887,0,0,0
3888,0,0,0
3889,0,0,0
3890,0,0,0
3891,0,0,0
3892,0,0,0
3893,0,0,0
3894,0,0,0
3895,0,0,0
3896,0,0,0
3897,0,0,0
3898,0,0,0
3899,0,0,0
3900,0,0,0
3901,0,0,0
3902,0,0,0
3903,0,0,0
3904,0,0,0
3905,0,0,0
3906,0,0,0
3907,0,0,0
3908,0,0,0
3909,0,0,0
3910,0,0,0
3911,0,0,0
3912,0,0,0
3913,0,0,0
3914,0,0,0
3915,0,0,0
3916,1,0,90000
3917,0,0,0
3918,0,0,0
3919,0,0,0
3920,0,0,0
3921,0,0,0
3922,0,0,0
3923,0,0,0
3924,0,0,0
3925,0,0,0
3926,0,0,0
3927,0,0,0
3928,0,0,0
3929,0,0,0
3930,0,0,0
3931,0,0,0
3932,0,0,0
3933,0,0,0
3934,0,0,0
3935,0,0,0
3936,0,0,0
3937,0,0,0
3938,0,0,0
3939,0,0,0
3940,0,0,0
3941,0,0,0
3942,0,0,0
3943,0,0,0
3944,0,0,0
3945,0,0,0
3946,0,0,0
3947,0,0,0
3948,0,0,0
3949,0,0,0
3950,0,0,0
3951,0,0,0
3952,0,0,0
3953,0,0,0
3954,0,0,0
3955,0,0,0
3956,0,0,0
3957,0,0,0
3958,0,0,0
3959,0,0,0
3960,0,0,0
3961,0,0,0
3962,0,0,0
3963,0,0,0
3964,0,0,0
3965,0,0,0
3966,0,0,0
3967,0,0,0
3968,0,0,0
3969,0,0,0
3970,0,0,0
3971,0,0,0
3972,0,0,0
3973,0,0,0
3974,0,0,0
3975,0,0,0
3976,0,0,0
3977,0,0,0
3978,0,0,0
3979,0,0,0
3980,0,0,0
3981,0,0,0
3982,0,0,0
3983,0,0,0
3984,0,0,0
3985,0,0,0
3986,0,0,0
3987,0,0,0
3988,0,0,0
3989,0,0,0
3990,0,0,0
3991,0,0,0
3992,0,0,0
3993,0,0,0
3994,0,0,0
3995,0,0,0
3996,0,0,0
3997,0,0,0
3998,0,0,0
3999,0,0,0
4000,0,0,0
4001,0,0,0
4002,0,0,0
4003,0,0,0
4004,0,0,0
4005,0,0,0
4006,0,0,0
4007,0,0,0
4008,0,0,0
4009,0,0,0
4010,0,0,0
4011,0,0,0
4012,0,0,0
4013,0,0,0
4014,0,0,0
4015,0,0,0
